id, author_name, author_avatar, tags, createdAt, time, objkt_name
1822, ciphrd, https://gateway.fxhash.xyz/ipfs/QmSDby6PefU13Q8TXc5fmhe7pd2wXCrhYGpS4LA9L5tZry, #wolfram #automata #automaton #RGB, 2021-11-11T03:14:18.000Z, 1636600458, RGB Elementary Cellular Automaton #636
4659, wblut, https://gateway.fxhash.xyz/ipfs/QmYGnvJBF3LJVMvNwkJL23KhjUWZ9gg2DGs8uRxJ7Lycjn, #Generative geometry #@wblut, 2021-11-11T20:43:18.000Z, 1636663398, Chromatic dazzle #109
4699, wblut, https://gateway.fxhash.xyz/ipfs/QmYGnvJBF3LJVMvNwkJL23KhjUWZ9gg2DGs8uRxJ7Lycjn, #Generative geometry #@wblut, 2021-11-11T20:44:48.000Z, 1636663488, Chromatic dazzle #136
4754, StrangerintheQ, https://gateway.fxhash.xyz/ipfs/QmRxeTMcFMJhudNjBew9L2CJL2g8oDnVpP8teMjN2CAQaX, #genartclub #genclub #strangerintheq, 2021-11-11T20:46:48.000Z, 1636663608, Generotique #236
4786, Beardcoded, https://gateway.fxhash.xyz/ipfs/QmUrYFKRq7AAtTZjvHTVVVDkohwibu8hC8cNDZLtZ5p47A, #generative #algorithm, 2021-11-11T20:47:48.000Z, 1636663668, Expansion #51
4811, andre, https://gateway.fxhash.xyz/ipfs/QmYjU8YxYMD9TtE6NLeA3L2krYvpLYnP41W6RimyLQMw6p, #andre #fuchs #designerwhocodes #betweenthelines #generative #generativeart #art #digitalart #creativecoding #abstract #geometric #minimalism, 2021-11-11T20:48:48.000Z, 1636663728, BETWEEN THE LINES #111
4843, aebrer, https://gateway.fxhash.xyz/ipfs/QmWNPdEzKzkiPwPkDDPo7NK99xEixJUhLx1hM5Aw9J1boK, #pico-8 #pico8 #neoretro #pixelart #4-bit, 2021-11-11T20:49:48.000Z, 1636663788, pico_pulses #105
4871, Chris Randall, https://gateway.fxhash.xyz/ipfs/QmausVv7UXjKiYb4FVovxZ5swKdrLyRmyuB8KXAfx3tRC3, #Generative #Generative Art #p5js #Chris Randall, 2021-11-11T20:50:48.000Z, 1636663848, star (complex) #67
4894, Third Vision, https://gateway.fxhash.xyz/ipfs/Qmab9a9sNRhStWRnJfu7voPhtQrmD1udzeqXbW352aP5Ro, #generativeart #creativecoding #code #line #waves #moire, 2021-11-11T20:51:48.000Z, 1636663908, Weave #498
4912, wblut, https://gateway.fxhash.xyz/ipfs/QmYGnvJBF3LJVMvNwkJL23KhjUWZ9gg2DGs8uRxJ7Lycjn, #Generative geometry #@wblut, 2021-11-11T20:52:48.000Z, 1636663968, Chromatic dazzle #256
4931, Beardcoded, https://gateway.fxhash.xyz/ipfs/QmUrYFKRq7AAtTZjvHTVVVDkohwibu8hC8cNDZLtZ5p47A, #generative #algorithm, 2021-11-11T20:53:48.000Z, 1636664028, Expansion #55
4935, markknol, https://gateway.fxhash.xyz/ipfs/QmWm1hDLBXnUZ831FqQeKo2MLE1LPtp3hcwXdq2Y6YTr2C, #skull #generative #pfp #avatar #smolskull #pixelart, 2021-11-11T20:54:18.000Z, 1636664058, SMOLSKULL #153
4953, fxhash, https://gateway.fxhash.xyz/ipfs/QmURUAU4YPa6Wwco3JSVrcN7WfCrFBZH7hY51BLrc87WjM, #fxhash #logo #first #mycelium #walkers #dividing, 2021-11-11T20:55:18.000Z, 1636664118, FXHASH Generative Logo #229
4978, fxhash, https://gateway.fxhash.xyz/ipfs/QmURUAU4YPa6Wwco3JSVrcN7WfCrFBZH7hY51BLrc87WjM, #fxhash #logo #first #mycelium #walkers #dividing, 2021-11-11T20:56:18.000Z, 1636664178, FXHASH Generative Logo #230
5004, fxhash, https://gateway.fxhash.xyz/ipfs/QmURUAU4YPa6Wwco3JSVrcN7WfCrFBZH7hY51BLrc87WjM, #fxhash #logo #first #mycelium #walkers #dividing, 2021-11-11T20:57:48.000Z, 1636664268, FXHASH Generative Logo #232
5014, fxhash, https://gateway.fxhash.xyz/ipfs/QmURUAU4YPa6Wwco3JSVrcN7WfCrFBZH7hY51BLrc87WjM, #features #fxhash, 2021-11-11T20:58:18.000Z, 1636664298, FXHASH Logo with Features #217
5025, fxhash, https://gateway.fxhash.xyz/ipfs/QmURUAU4YPa6Wwco3JSVrcN7WfCrFBZH7hY51BLrc87WjM, #features #fxhash, 2021-11-11T20:59:18.000Z, 1636664358, FXHASH Logo with Features #218
5041, fxhash, https://gateway.fxhash.xyz/ipfs/QmURUAU4YPa6Wwco3JSVrcN7WfCrFBZH7hY51BLrc87WjM, #fxhash #logo #first #mycelium #walkers #dividing, 2021-11-11T21:00:18.000Z, 1636664418, FXHASH Generative Logo #234
5065, wblut, https://gateway.fxhash.xyz/ipfs/QmYGnvJBF3LJVMvNwkJL23KhjUWZ9gg2DGs8uRxJ7Lycjn, #Generative geometry #@wblut, 2021-11-11T21:01:18.000Z, 1636664478, Chromatic dazzle #319
5071, fxhash, https://gateway.fxhash.xyz/ipfs/QmURUAU4YPa6Wwco3JSVrcN7WfCrFBZH7hY51BLrc87WjM, #fxhash #logo #first #mycelium #walkers #dividing, 2021-11-11T21:02:18.000Z, 1636664538, FXHASH Generative Logo #235
5095, fxhash, https://gateway.fxhash.xyz/ipfs/QmURUAU4YPa6Wwco3JSVrcN7WfCrFBZH7hY51BLrc87WjM, #fxhash #logo #first #mycelium #walkers #dividing, 2021-11-11T21:03:18.000Z, 1636664598, FXHASH Generative Logo #236
5107, Third Vision, https://gateway.fxhash.xyz/ipfs/Qmab9a9sNRhStWRnJfu7voPhtQrmD1udzeqXbW352aP5Ro, #generativeart #creativecoding #code #line #waves #moire, 2021-11-11T21:03:48.000Z, 1636664628, Weave #514
5124, rudxane, https://gateway.fxhash.xyz/ipfs/QmNUGfpqCBH5fJ7rLKbXHrna9QmCZ3AFiWpXhzVz9SWR7Y, #bingo #rudxane, 2021-11-11T21:05:18.000Z, 1636664718, BINGO #298
5156, Beardcoded, https://gateway.fxhash.xyz/ipfs/QmUrYFKRq7AAtTZjvHTVVVDkohwibu8hC8cNDZLtZ5p47A, #generative #algorithm, 2021-11-11T21:07:18.000Z, 1636664838, Expansion #61
5176, wblut, https://gateway.fxhash.xyz/ipfs/QmYGnvJBF3LJVMvNwkJL23KhjUWZ9gg2DGs8uRxJ7Lycjn, #Generative geometry #@wblut, 2021-11-11T21:08:48.000Z, 1636664928, Chromatic dazzle #376
5185, fxhash, https://gateway.fxhash.xyz/ipfs/QmURUAU4YPa6Wwco3JSVrcN7WfCrFBZH7hY51BLrc87WjM, #fxhash #logo #first #mycelium #walkers #dividing, 2021-11-11T21:09:48.000Z, 1636664988, FXHASH Generative Logo #238
5199, fxhash, https://gateway.fxhash.xyz/ipfs/QmURUAU4YPa6Wwco3JSVrcN7WfCrFBZH7hY51BLrc87WjM, #fxhash #logo #first #mycelium #walkers #dividing, 2021-11-11T21:10:48.000Z, 1636665048, FXHASH Generative Logo #239
8535, Yazid, https://gateway.fxhash.xyz/ipfs/QmSXcuF91yL432ZjP2M1scJ7cphL1GbKdKwNYvmoCz32dn, #yazid #generativeart, 2021-11-13T13:21:58.000Z, 1636809718, Hashed Arcs #150
8549, Yazid, https://gateway.fxhash.xyz/ipfs/QmSXcuF91yL432ZjP2M1scJ7cphL1GbKdKwNYvmoCz32dn, #yazid #generativeart, 2021-11-13T13:22:58.000Z, 1636809778, Hashed Arcs #153
8566, Lisa Orth, https://gateway.fxhash.xyz/ipfs/QmX9eqZDgppqpkSKdeAnvrWHfRwMCZNDJNrVjBgwSja1HA, #Abstract #hexagon #geometric #lisaorth, 2021-11-13T13:23:58.000Z, 1636809838, Hex Flex #231
8576, Yazid, https://gateway.fxhash.xyz/ipfs/QmSXcuF91yL432ZjP2M1scJ7cphL1GbKdKwNYvmoCz32dn, #yazid #generativeart, 2021-11-13T13:24:28.000Z, 1636809868, Hashed Arcs #159
8587, Lisa Orth, https://gateway.fxhash.xyz/ipfs/QmX9eqZDgppqpkSKdeAnvrWHfRwMCZNDJNrVjBgwSja1HA, #Abstract #hexagon #geometric #lisaorth, 2021-11-13T13:24:58.000Z, 1636809898, Hex Flex #233
8633, fxhash, https://gateway.fxhash.xyz/ipfs/QmURUAU4YPa6Wwco3JSVrcN7WfCrFBZH7hY51BLrc87WjM, #fxhash #logo #first #mycelium #walkers #dividing, 2021-11-13T13:27:58.000Z, 1636810078, FXHASH Generative Logo #345
8880, andre, https://gateway.fxhash.xyz/ipfs/QmYjU8YxYMD9TtE6NLeA3L2krYvpLYnP41W6RimyLQMw6p, #andre #fuchs #designerwhocodes #betweenthelines #generative #generativeart #art #digitalart #creativecoding #abstract #geometric #minimalism, 2021-11-13T13:36:58.000Z, 1636810618, BETWEEN THE LINES #194
8940, Gorilla Sun, https://gateway.fxhash.xyz/ipfs/QmUjK9mtLNg7wvffayYEHhmJFJwTBtG9fP6tZCiHSMRzta, #p5js #creative #coding #generative #procedural #fluffy #colorful #furbol, 2021-11-13T13:39:28.000Z, 1636810768, Furbol #69
9062, Lisa Orth, https://gateway.fxhash.xyz/ipfs/QmX9eqZDgppqpkSKdeAnvrWHfRwMCZNDJNrVjBgwSja1HA, #Abstract #hexagon #geometric #lisaorth, 2021-11-13T13:49:08.000Z, 1636811348, Hex Flex #264
9405, Gorilla Sun, https://gateway.fxhash.xyz/ipfs/QmUjK9mtLNg7wvffayYEHhmJFJwTBtG9fP6tZCiHSMRzta, #p5js #creative #coding #generative #procedural #fluffy #colorful #furbol, 2021-11-13T14:20:48.000Z, 1636813248, Furbol #84
9409, Presstube, https://gateway.fxhash.xyz/ipfs/QmWRAfnxUQein8hfCwW7vwoCXLVFidizH1WxLzsTnBxQWv, #Huw Messie #huwmessie tendysos #tendys #sos #food #machine #tendercoin #fully baked, 2021-11-13T14:21:18.000Z, 1636813278, TendysOS #64
9421, Presstube, https://gateway.fxhash.xyz/ipfs/QmWRAfnxUQein8hfCwW7vwoCXLVFidizH1WxLzsTnBxQWv, #presstube #jamespaterson #generative #animation #mageflap #dillsack #proboscum #genesis, 2021-11-13T14:22:18.000Z, 1636813338, Nouveau Dillsack #283
9476, toiminto, https://gateway.fxhash.xyz/ipfs/QmVqGpDmwoYDcic9dcynZFFpXPxR6rwcc2zt3TCs86PK5U, , 2021-11-13T14:25:18.000Z, 1636813518, K√§ppygen #95
9501, dmarchi, https://gateway.fxhash.xyz/ipfs/QmZ4NFTiAJoA7XhQWrq2myfiqsiFZJuCYNS5zGR8EZkVHB, #pinches #generative #p5js #dmarchi, 2021-11-13T14:26:18.000Z, 1636813578, Pinches #78
9507, punevyr, https://gateway.fxhash.xyz/ipfs/QmXNMVeGcYDWjvdsubieoSm8dcer4Pdi6CFWemmDprwpaS, #bubbles #o #O #0, 2021-11-13T14:27:18.000Z, 1636813638, B U B B L E S #384
9521, Y4000, https://gateway.fxhash.xyz/ipfs/QmbXHSas45X816kNsQSpsUMEtQfRjN7vTWnZJBxJYCqsBL, #signals #pulsars #waves #glaciers #rain #colors, 2021-11-13T14:27:48.000Z, 1636813668, Signals #1
9531, punevyr, https://gateway.fxhash.xyz/ipfs/QmXNMVeGcYDWjvdsubieoSm8dcer4Pdi6CFWemmDprwpaS, #bubbles #o #O #0, 2021-11-13T14:28:48.000Z, 1636813728, B U B B L E S #386
9548, punevyr, https://gateway.fxhash.xyz/ipfs/QmXNMVeGcYDWjvdsubieoSm8dcer4Pdi6CFWemmDprwpaS, #bubbles #o #O #0, 2021-11-13T14:29:48.000Z, 1636813788, B U B B L E S #387
9595, huwmessie, https://gateway.fxhash.xyz/ipfs/QmPJNpq4Qsch7aNwYNaF3CgbWMk1fLNGsvgjSjXdVse5K2, #Huw Messie #huwmessie tendysos #tendys #sos #food #machine #tendercoin #fully baked, 2021-11-13T14:31:48.000Z, 1636813908, TendysOS #130
9609, StrangerintheQ, https://gateway.fxhash.xyz/ipfs/QmRxeTMcFMJhudNjBew9L2CJL2g8oDnVpP8teMjN2CAQaX, #strangerintheq #genartclub #genclub, 2021-11-13T14:32:48.000Z, 1636813968, Squatree #29
9634, punevyr, https://gateway.fxhash.xyz/ipfs/QmXNMVeGcYDWjvdsubieoSm8dcer4Pdi6CFWemmDprwpaS, #bubbles #o #O #0, 2021-11-13T14:34:18.000Z, 1636814058, B U B B L E S #399
9658, markknol, https://gateway.fxhash.xyz/ipfs/QmWm1hDLBXnUZ831FqQeKo2MLE1LPtp3hcwXdq2Y6YTr2C, #skull #generative #pfp #avatar #smolskull #pixelart, 2021-11-13T14:35:48.000Z, 1636814148, SMOLSKULL #311
9675, Antti Pussinen, https://gateway.fxhash.xyz/ipfs/QmX43d5GKnsNTQ9vB1V1DTiavaft4vYgEp6FbDDEqc9HUR, , 2021-11-13T14:38:18.000Z, 1636814298, Pebbles & Jelly #1
9682, TeNinEight, https://gateway.fxhash.xyz/ipfs/QmeCcrQnaxsPrixMNSLjy4EKzcuJjE7fKUi4ZyEoEWbgWw, #kaleidoscope #kaleido #vintage #oldfilm #lineart #animated, 2021-11-13T14:39:18.000Z, 1636814358, Monochrome Kaleido #85
9747, Kevin Masson, https://gateway.fxhash.xyz/ipfs/QmTfM2x2MLvgezU5g2sYW4MUAV8BXx14HSSreauBiQwQkG, #blackandwhite #black&white #monochrome #particles #mathart #shader #glsl #bw, 2021-11-13T14:47:18.000Z, 1636814838, It's tangled; fix it #4
9785, huwmessie, https://gateway.fxhash.xyz/ipfs/QmPJNpq4Qsch7aNwYNaF3CgbWMk1fLNGsvgjSjXdVse5K2, #Huw Messie #huwmessie tendysos #tendys #sos #food #machine #tendercoin #fully baked, 2021-11-13T14:50:18.000Z, 1636815018, TendysOS #177
9858, arsiliath, https://gateway.fxhash.xyz/ipfs/QmdSS7ZqvteC4TFWv1ZZosSXjt26KYqiox6x1KidmaxSep, , 2021-11-13T14:54:48.000Z, 1636815288, Bugs Edition One #8
10069, Gorilla Sun, https://gateway.fxhash.xyz/ipfs/QmUjK9mtLNg7wvffayYEHhmJFJwTBtG9fP6tZCiHSMRzta, #p5js #creative #coding #generative #colorful #fluffy #wisp #grain, 2021-11-13T15:10:18.000Z, 1636816218, Wisp #3
10075, Gorilla Sun, https://gateway.fxhash.xyz/ipfs/QmUjK9mtLNg7wvffayYEHhmJFJwTBtG9fP6tZCiHSMRzta, #p5js #creative #coding #generative #colorful #fluffy #wisp #grain, 2021-11-13T15:10:48.000Z, 1636816248, Wisp #6
10099, TENGIL, https://gateway.fxhash.xyz/ipfs/QmdApGEKMdNnwQPwPLXqjaWgguMmUcnpnRZPNm5o9Ze8Uj, , 2021-11-13T15:12:48.000Z, 1636816368, Unicorn Cotton Candy #102
10153, Yazid, https://gateway.fxhash.xyz/ipfs/QmSXcuF91yL432ZjP2M1scJ7cphL1GbKdKwNYvmoCz32dn, #yazid #generativeart, 2021-11-13T15:18:28.000Z, 1636816708, Hashed Arcs #311
10189, Yazid, https://gateway.fxhash.xyz/ipfs/QmSXcuF91yL432ZjP2M1scJ7cphL1GbKdKwNYvmoCz32dn, #yazid #generativeart, 2021-11-13T15:22:28.000Z, 1636816948, Hashed Arcs #315
10226, fxhash, https://gateway.fxhash.xyz/ipfs/QmURUAU4YPa6Wwco3JSVrcN7WfCrFBZH7hY51BLrc87WjM, #features #fxhash, 2021-11-13T15:25:58.000Z, 1636817158, FXHASH Logo with Features #346
10253, ruuddotorg, https://gateway.fxhash.xyz/ipfs/QmWsAEGvv5qgvEfjmBb2KX6KKU9a5HAGYtpMF8cT7cSKCn, , 2021-11-13T15:27:28.000Z, 1636817248, Mountains #1
10268, ruuddotorg, https://gateway.fxhash.xyz/ipfs/QmWsAEGvv5qgvEfjmBb2KX6KKU9a5HAGYtpMF8cT7cSKCn, , 2021-11-13T15:28:28.000Z, 1636817308, Mountains #5
11096, Spectrolize, https://gateway.fxhash.xyz/ipfs/Qmcr7DTqGw3zDVXfe9RWonTPUWYpSAfoKG6KSbCLoiQrCk, , 2021-11-13T16:37:28.000Z, 1636821448, Truchet tribute #82
11149, nicthib, https://gateway.fxhash.xyz/ipfs/QmYYpRY5qx9ArguCpQy4icjR3VmRb4ZNbW72jNn8okkwC2, #generative #pixels, 2021-11-13T16:45:28.000Z, 1636821928, Cellular Canvas #54
11154, Spectrolize, https://gateway.fxhash.xyz/ipfs/Qmcr7DTqGw3zDVXfe9RWonTPUWYpSAfoKG6KSbCLoiQrCk, , 2021-11-13T16:45:58.000Z, 1636821958, Truchet tribute #89
11278, fxhash, https://gateway.fxhash.xyz/ipfs/QmURUAU4YPa6Wwco3JSVrcN7WfCrFBZH7hY51BLrc87WjM, #fxhash #logo #first #mycelium #walkers #dividing, 2021-11-13T16:59:58.000Z, 1636822798, FXHASH Generative Logo #619
11297, fxhash, https://gateway.fxhash.xyz/ipfs/QmURUAU4YPa6Wwco3JSVrcN7WfCrFBZH7hY51BLrc87WjM, #features #fxhash, 2021-11-13T17:01:28.000Z, 1636822888, FXHASH Logo with Features #379
11308, fxhash, https://gateway.fxhash.xyz/ipfs/QmURUAU4YPa6Wwco3JSVrcN7WfCrFBZH7hY51BLrc87WjM, #fxhash #logo #first #mycelium #walkers #dividing, 2021-11-13T17:02:28.000Z, 1636822948, FXHASH Generative Logo #623
11384, TeNinEight, https://gateway.fxhash.xyz/ipfs/QmeCcrQnaxsPrixMNSLjy4EKzcuJjE7fKUi4ZyEoEWbgWw, #kaleidoscope #kaleido #vintage #neon #bloom #glow #lineart #animated, 2021-11-13T17:08:58.000Z, 1636823338, Neon Kaleido #64
11795, Landlines Art, https://gateway.fxhash.xyz/ipfs/QmaDnzJ8wPMQ9uLAHDsCfnn8g7U13zvKNRUiPLgUnepxCQ, #GENERATIVE #ABSTRACT #MINIMALIST #ANIMATION, 2021-11-13T17:39:28.000Z, 1636825168, achromat #154
12201, Quentin Hocd√©, https://gateway.fxhash.xyz/ipfs/QmPwgJNUN6fpXtogEdbYbuAjQM9uSECmuWPDe79YAGyknb, #generative #genartclub #monochrome, 2021-11-13T18:12:38.000Z, 1636827158, DARK FOREST #30
12242, Quentin Hocd√©, https://gateway.fxhash.xyz/ipfs/QmPwgJNUN6fpXtogEdbYbuAjQM9uSECmuWPDe79YAGyknb, #generative #genartclub #monochrome, 2021-11-13T18:14:38.000Z, 1636827278, DARK FOREST #53
12604, nicthib, https://gateway.fxhash.xyz/ipfs/QmYYpRY5qx9ArguCpQy4icjR3VmRb4ZNbW72jNn8okkwC2, #generative, 2021-11-13T18:47:48.000Z, 1636829268, Chromatic Squares #39
12747, msoriaro, https://gateway.fxhash.xyz/ipfs/QmU9cPLFmtqhRZUXxJywGZwuy62kXiwzmgQFsqwgzub8f8, #geometric #counterpoint #iillucid #glsl #p5, 2021-11-13T18:59:48.000Z, 1636829988, contrapuntos #9
12761, msoriaro, https://gateway.fxhash.xyz/ipfs/QmU9cPLFmtqhRZUXxJywGZwuy62kXiwzmgQFsqwgzub8f8, #geometric #counterpoint #iillucid #glsl #p5, 2021-11-13T19:00:48.000Z, 1636830048, contrapuntos #12
13048, greweb, https://gateway.fxhash.xyz/ipfs/QmYWiS2ja1hvAeepYHwYWQ7otz9U6U6X1MQ5VUUJ2KtXVC, , 2021-11-13T19:25:48.000Z, 1636831548, Wave #3
13086, greweb, https://gateway.fxhash.xyz/ipfs/QmYWiS2ja1hvAeepYHwYWQ7otz9U6U6X1MQ5VUUJ2KtXVC, , 2021-11-13T19:28:18.000Z, 1636831698, Wave #14
13354, greweb, https://gateway.fxhash.xyz/ipfs/QmYWiS2ja1hvAeepYHwYWQ7otz9U6U6X1MQ5VUUJ2KtXVC, , 2021-11-13T19:52:58.000Z, 1636833178, Wave #71
13387, markknol, https://gateway.fxhash.xyz/ipfs/QmWm1hDLBXnUZ831FqQeKo2MLE1LPtp3hcwXdq2Y6YTr2C, #skull #generative #pfp #avatar #smolskull #pixelart, 2021-11-13T19:56:28.000Z, 1636833388, SMOLSKULL #427
13399, markknol, https://gateway.fxhash.xyz/ipfs/QmWm1hDLBXnUZ831FqQeKo2MLE1LPtp3hcwXdq2Y6YTr2C, #skull #generative #pfp #avatar #smolskull #pixelart, 2021-11-13T19:57:28.000Z, 1636833448, SMOLSKULL #429
13467, Aranya, https://gateway.fxhash.xyz/ipfs/QmRahZmpuETyE4jpKFsqzhUfum8kQmhdo3vscJvuWYBNxE, #audio #soundtoy #dandelion #bloom #music #notation, 2021-11-13T20:04:28.000Z, 1636833868, Dandelion #100
13493, Aranya, https://gateway.fxhash.xyz/ipfs/QmRahZmpuETyE4jpKFsqzhUfum8kQmhdo3vscJvuWYBNxE, #audio #soundtoy #dandelion #bloom #music #notation, 2021-11-13T20:07:28.000Z, 1636834048, Dandelion #101
13511, Aranya, https://gateway.fxhash.xyz/ipfs/QmRahZmpuETyE4jpKFsqzhUfum8kQmhdo3vscJvuWYBNxE, #audio #soundtoy #dandelion #bloom #music #notation, 2021-11-13T20:08:58.000Z, 1636834138, Dandelion #102
13963, NickieYoungblood, https://gateway.fxhash.xyz/ipfs/QmURTywupvNHDBJxTNxwCuDud6bnrQrfdjhiDcwh6RyEAe, #triangles #runes #p5, 2021-11-13T21:05:28.000Z, 1636837528, Mystic runes #N #4
13971, NickieYoungblood, https://gateway.fxhash.xyz/ipfs/QmURTywupvNHDBJxTNxwCuDud6bnrQrfdjhiDcwh6RyEAe, #triangles #runes #p5, 2021-11-13T21:06:28.000Z, 1636837588, Mystic runes #N #7
14052, punevyr, https://gateway.fxhash.xyz/ipfs/QmXNMVeGcYDWjvdsubieoSm8dcer4Pdi6CFWemmDprwpaS, #bubbles #0 #O #o, 2021-11-13T21:12:58.000Z, 1636837978, b u b b l e s 2 . 0 #10
14341, itsgalo, https://gateway.fxhash.xyz/ipfs/QmQSA6FgDoEao9j6nJ4o7VWtJyDAdp9Xugdv1M3TSx2GdZ, #painting #pixels #noise, 2021-11-13T21:36:58.000Z, 1636839418, JUGGLERS #49
14500, Landlines Art, https://gateway.fxhash.xyz/ipfs/QmaDnzJ8wPMQ9uLAHDsCfnn8g7U13zvKNRUiPLgUnepxCQ, #GENERATIVE #ABSTRACT #MINIMALIST #ANIMATION, 2021-11-13T21:58:08.000Z, 1636840688, achromat #609
20153, TeNinEight, https://gateway.fxhash.xyz/ipfs/QmeCcrQnaxsPrixMNSLjy4EKzcuJjE7fKUi4ZyEoEWbgWw, #winter #winterland #forest #landscape #trees #snow #snowflakes #daynight #cycle #realtime, 2021-11-15T12:24:38.000Z, 1636979078, Winterland #57
20187, TeNinEight, https://gateway.fxhash.xyz/ipfs/QmeCcrQnaxsPrixMNSLjy4EKzcuJjE7fKUi4ZyEoEWbgWw, #winter #winterland #forest #landscape #trees #snow #snowflakes #daynight #cycle #realtime, 2021-11-15T12:25:38.000Z, 1636979138, Winterland #58
20209, TeNinEight, https://gateway.fxhash.xyz/ipfs/QmeCcrQnaxsPrixMNSLjy4EKzcuJjE7fKUi4ZyEoEWbgWw, #winter #winterland #forest #landscape #trees #snow #snowflakes #daynight #cycle #realtime, 2021-11-15T12:26:38.000Z, 1636979198, Winterland #59
20223, Murat Atimtay, https://gateway.fxhash.xyz/ipfs/QmduXt4cjW55ZvLuBPtVeBa9GqHXuX7oCJoUQXTJ5hm5BE, #generative #codeart #chaos #cluster, 2021-11-15T12:27:38.000Z, 1636979258, Chaos Cluster #175
20232, , , #generative #generative art #creative coding #p5.js, 2021-11-15T12:28:08.000Z, 1636979288, BW 3 mirror #8
20652, NFTCreatives, https://gateway.fxhash.xyz/ipfs/QmZsdrrvHseHVuMiG7PBVqBMabEjLZbnwDY5UMZsPM6X2v, , 2021-11-15T12:46:18.000Z, 1636980378, Shaped Fields #25
20670, NFTCreatives, https://gateway.fxhash.xyz/ipfs/QmZsdrrvHseHVuMiG7PBVqBMabEjLZbnwDY5UMZsPM6X2v, , 2021-11-15T12:47:48.000Z, 1636980468, Particle Swarm #15
20885, who?, , #triangle #vector #hen #p5 #p5js #random #fx, 2021-11-15T13:04:28.000Z, 1636981468, triangles #25
20906, lenzfliker, https://gateway.fxhash.xyz/ipfs/QmdGhvB9U9syoeCgSBMN67B6ynyK4aUCAWCPtPwV7bm2A9, #grocery #loot, 2021-11-15T13:06:28.000Z, 1636981588, Grocery List #100
20918, lenzfliker, https://gateway.fxhash.xyz/ipfs/QmdGhvB9U9syoeCgSBMN67B6ynyK4aUCAWCPtPwV7bm2A9, #grocery #loot, 2021-11-15T13:07:28.000Z, 1636981648, Grocery List #101
20987, msoriaro, https://gateway.fxhash.xyz/ipfs/QmU9cPLFmtqhRZUXxJywGZwuy62kXiwzmgQFsqwgzub8f8, #geometric #counterpoint #iillucid #glsl #p5, 2021-11-15T13:12:58.000Z, 1636981978, contrapuntos #181
21007, TeNinEight, https://gateway.fxhash.xyz/ipfs/QmeCcrQnaxsPrixMNSLjy4EKzcuJjE7fKUi4ZyEoEWbgWw, #winter #winterland #forest #landscape #trees #snow #snowflakes #daynight #cycle #realtime, 2021-11-15T13:14:28.000Z, 1636982068, Winterland #68
21014, TeNinEight, https://gateway.fxhash.xyz/ipfs/QmeCcrQnaxsPrixMNSLjy4EKzcuJjE7fKUi4ZyEoEWbgWw, #winter #winterland #forest #landscape #trees #snow #snowflakes #daynight #cycle #realtime, 2021-11-15T13:14:58.000Z, 1636982098, Winterland #69
21442, ruuddotorg, https://gateway.fxhash.xyz/ipfs/QmWsAEGvv5qgvEfjmBb2KX6KKU9a5HAGYtpMF8cT7cSKCn, , 2021-11-15T13:57:58.000Z, 1636984678, Mountains #130
21459, NFTCreatives, https://gateway.fxhash.xyz/ipfs/QmZsdrrvHseHVuMiG7PBVqBMabEjLZbnwDY5UMZsPM6X2v, , 2021-11-15T13:58:58.000Z, 1636984738, Shaped Fields #43
21472, markknol, https://gateway.fxhash.xyz/ipfs/QmWm1hDLBXnUZ831FqQeKo2MLE1LPtp3hcwXdq2Y6YTr2C, #generative art #mondrian #mark knol #composition #abstract, 2021-11-15T14:00:58.000Z, 1636984858, MON #5
21508, picturesbyrobots, https://gateway.fxhash.xyz/ipfs/QmZYdSNpSoKUGW6thQRs4fPzq9M8f5wGgmN2NhjQfTD7Gy, #particles #dark #still, 2021-11-15T14:02:58.000Z, 1636984978, egg shells #7
21541, NFTCreatives, https://gateway.fxhash.xyz/ipfs/QmZsdrrvHseHVuMiG7PBVqBMabEjLZbnwDY5UMZsPM6X2v, , 2021-11-15T14:04:28.000Z, 1636985068, Shaped Fields #44
21646, erfanhoseini, https://gateway.fxhash.xyz/ipfs/QmX4Pba346KXsuVrs4ESesvhC8iHPLgg1HmMFnXFMqWABS, #crative #crativecoding #generativeart #p5js #javascript #creativecoding #processing #codeart #newmediaart #generativegraphics, 2021-11-15T14:11:28.000Z, 1636985488, Squares.1 #5
21712, ruuddotorg, https://gateway.fxhash.xyz/ipfs/QmWsAEGvv5qgvEfjmBb2KX6KKU9a5HAGYtpMF8cT7cSKCn, , 2021-11-15T14:16:28.000Z, 1636985788, Mountains #136
21847, markknol, https://gateway.fxhash.xyz/ipfs/QmWm1hDLBXnUZ831FqQeKo2MLE1LPtp3hcwXdq2Y6YTr2C, #generative art #mondrian #mark knol #composition #abstract, 2021-11-15T14:27:28.000Z, 1636986448, MON #139
21877, markknol, https://gateway.fxhash.xyz/ipfs/QmWm1hDLBXnUZ831FqQeKo2MLE1LPtp3hcwXdq2Y6YTr2C, #generative art #mondrian #mark knol #composition #abstract, 2021-11-15T14:29:28.000Z, 1636986568, MON #144
22019, erfanhoseini, https://gateway.fxhash.xyz/ipfs/QmX4Pba346KXsuVrs4ESesvhC8iHPLgg1HmMFnXFMqWABS, #crative #crativecoding #generativeart #p5js #javascript #creativecoding #processing #codeart #newmediaart #generativegraphics, 2021-11-15T14:40:28.000Z, 1636987228, Cylinders.1 #6
22232, Loren Bednar, https://gateway.fxhash.xyz/ipfs/QmNbky67MkbKTGkMTsdJ5Hh8dPo7x5dw3Qj8jP1KbvXQoQ, #monochrome #minimalism #organization #bounds #p5js, 2021-11-15T14:56:58.000Z, 1636988218, Bounds #4
22254, Loren Bednar, https://gateway.fxhash.xyz/ipfs/QmNbky67MkbKTGkMTsdJ5Hh8dPo7x5dw3Qj8jP1KbvXQoQ, #monochrome #minimalism #organization #bounds #p5js, 2021-11-15T14:57:58.000Z, 1636988278, Bounds #13
22263, Loren Bednar, https://gateway.fxhash.xyz/ipfs/QmNbky67MkbKTGkMTsdJ5Hh8dPo7x5dw3Qj8jP1KbvXQoQ, #monochrome #minimalism #organization #bounds #p5js, 2021-11-15T14:58:28.000Z, 1636988308, Bounds #19
22326, Loren Bednar, https://gateway.fxhash.xyz/ipfs/QmNbky67MkbKTGkMTsdJ5Hh8dPo7x5dw3Qj8jP1KbvXQoQ, #monochrome #minimalism #organization #bounds #p5js, 2021-11-15T15:00:58.000Z, 1636988458, Bounds #62
23145, markknol, https://gateway.fxhash.xyz/ipfs/QmWm1hDLBXnUZ831FqQeKo2MLE1LPtp3hcwXdq2Y6YTr2C, #skull #generative #pfp #avatar #smolskull #pixelart, 2021-11-15T15:58:18.000Z, 1636991898, SMOLSKULL #776
23382, Likemurvin, https://gateway.fxhash.xyz/ipfs/QmbJQ2cVo9fc1wmMh5kNygHT9ecqdFXG4XJuK5pP9Wv86k, #island #map #tiles #sprites #coast #chill, 2021-11-15T16:16:58.000Z, 1636993018, ISLAND #68
23742, markknol, https://gateway.fxhash.xyz/ipfs/QmWm1hDLBXnUZ831FqQeKo2MLE1LPtp3hcwXdq2Y6YTr2C, #skull #generative #pfp #avatar #smolskull #pixelart, 2021-11-15T16:41:08.000Z, 1636994468, SMOLSKULL #808
23760, markknol, https://gateway.fxhash.xyz/ipfs/QmWm1hDLBXnUZ831FqQeKo2MLE1LPtp3hcwXdq2Y6YTr2C, #skull #generative #pfp #avatar #smolskull #pixelart, 2021-11-15T16:41:38.000Z, 1636994498, SMOLSKULL #810
23797, philipbell, https://gateway.fxhash.xyz/ipfs/QmYHW5dCw5JzA2c9u8wZW5Z62hJzk6n2bWzmE1SVWmgsMT, ##genartclub, 2021-11-15T16:42:38.000Z, 1636994558, Parallelogrid #29
23820, philipbell, https://gateway.fxhash.xyz/ipfs/QmYHW5dCw5JzA2c9u8wZW5Z62hJzk6n2bWzmE1SVWmgsMT, ##genartclub, 2021-11-15T16:43:38.000Z, 1636994618, Parallelogrid #44
23956, philipbell, https://gateway.fxhash.xyz/ipfs/QmYHW5dCw5JzA2c9u8wZW5Z62hJzk6n2bWzmE1SVWmgsMT, ##genartclub, 2021-11-15T16:50:18.000Z, 1636995018, Parallelogrid #101
24171, philipbell, https://gateway.fxhash.xyz/ipfs/QmYHW5dCw5JzA2c9u8wZW5Z62hJzk6n2bWzmE1SVWmgsMT, ##genartclub, 2021-11-15T17:00:18.000Z, 1636995618, Parallelogrid #226
24417, David Gonz√°lez, https://gateway.fxhash.xyz/ipfs/QmQwkVGsjpdftD9QeEfcPVjWRRbYeycpBxJuWtDie4TMPi, #lineart #generative #procedural, 2021-11-15T17:22:18.000Z, 1636996938, mechanical organism #22
24438, David Gonz√°lez, https://gateway.fxhash.xyz/ipfs/QmQwkVGsjpdftD9QeEfcPVjWRRbYeycpBxJuWtDie4TMPi, #lineart #generative #procedural, 2021-11-15T17:23:18.000Z, 1636996998, mechanical organism #33
24597, Tomluyten, https://gateway.fxhash.xyz/ipfs/QmTCLD8Ge5wmvi2JJyBfPXwNTjkUDcjVPJPgCpPjuxagRc, #minimal #geometric #genart #processing #paradise #birds #flight #colors #triangles #modern #aesthetic #minimal, 2021-11-15T17:37:18.000Z, 1636997838, Paradise Birds Generative Series #12
24822, Naibdian, https://gateway.fxhash.xyz/ipfs/QmYLQKsfq91eeaFJwh1ueksxW7cVwbrGzSPL8DABkSSYEF, #tile #mosaic #stainedglass #3D #live #animated #interactive #webgl #threejs, 2021-11-15T18:00:18.000Z, 1636999218, Immutable Mosaic #7
24837, Quentin Hocd√©, https://gateway.fxhash.xyz/ipfs/QmPwgJNUN6fpXtogEdbYbuAjQM9uSECmuWPDe79YAGyknb, #generativeart #generative #creativecoding #hypnotizing #code #javascript #algorithm #genartclub #interactive #loop, 2021-11-15T18:01:18.000Z, 1636999278, Siena #20
24843, Terry May, https://gateway.fxhash.xyz/ipfs/QmNgbFquWZyi4HcyutmDuZS9gCAKMmfLAVZWFj19UQAFSv, #circles #math #colors #tapestry #full screen, 2021-11-15T18:01:48.000Z, 1636999308, Micro Tapestry #2
25247, datcsv, https://gateway.fxhash.xyz/ipfs/QmTgdUxgzLoj7YJBuCWUu6z3UogpzrTWcYqupjfYQUALaX, #datcsv #processing #p5js, 2021-11-15T18:26:48.000Z, 1637000808, Flickering Drum #195
25274, datcsv, https://gateway.fxhash.xyz/ipfs/QmTgdUxgzLoj7YJBuCWUu6z3UogpzrTWcYqupjfYQUALaX, #datcsv #processing #p5js, 2021-11-15T18:27:48.000Z, 1637000868, Flickering Drum #218
25428, TeNinEight, https://gateway.fxhash.xyz/ipfs/QmeCcrQnaxsPrixMNSLjy4EKzcuJjE7fKUi4ZyEoEWbgWw, #winter #winterland #forest #landscape #trees #snow #snowflakes #daynight #cycle #realtime, 2021-11-15T18:44:48.000Z, 1637001888, Winterland #131
25435, TeNinEight, https://gateway.fxhash.xyz/ipfs/QmeCcrQnaxsPrixMNSLjy4EKzcuJjE7fKUi4ZyEoEWbgWw, #winter #winterland #forest #landscape #trees #snow #snowflakes #daynight #cycle #realtime, 2021-11-15T18:45:48.000Z, 1637001948, Winterland #132
25554, Job Talle, https://gateway.fxhash.xyz/ipfs/QmWd2Sj26k4GqX8HH4brdPoatGmmkRF7HMkbe6o7TaMupz, #procedural #island #erosion #archipelago #3d #webgl #interactive, 2021-11-15T18:57:18.000Z, 1637002638, Archipelago #14
25583, NickieYoungblood, https://gateway.fxhash.xyz/ipfs/QmURTywupvNHDBJxTNxwCuDud6bnrQrfdjhiDcwh6RyEAe, #p5 #matrix #animation #rarity #traits, 2021-11-15T18:59:18.000Z, 1637002758, Enter the Tezos #3
25729, Mate Steinforth, https://gateway.fxhash.xyz/ipfs/QmPQQuqSeJnxvVW2KgV5Nk9Yi4MjqXVd8SQTo6AekyyhTT, #know #render #green, 2021-11-15T19:13:28.000Z, 1637003608, Gridder #64
25997, David Gonz√°lez, https://gateway.fxhash.xyz/ipfs/QmQwkVGsjpdftD9QeEfcPVjWRRbYeycpBxJuWtDie4TMPi, #lineart #generative #procedural #disco, 2021-11-15T19:43:58.000Z, 1637005438, Disco organism #N #7
26178, Disjonquille, https://gateway.fxhash.xyz/ipfs/QmNcVyoZ1FDWqf8nKJvixJ2u9bNS1THvcmoqEM3MCW6EV3, #blueprint #generative #artwork #monochromic #experiment #blackandwhite, 2021-11-15T20:02:28.000Z, 1637006548, Blueprint 01 #4
26210, TeNinEight, https://gateway.fxhash.xyz/ipfs/QmeCcrQnaxsPrixMNSLjy4EKzcuJjE7fKUi4ZyEoEWbgWw, #winter #winterland #forest #landscape #trees #snow #snowflakes #daynight #cycle #realtime, 2021-11-15T20:06:08.000Z, 1637006768, Winterland #141
26216, TeNinEight, https://gateway.fxhash.xyz/ipfs/QmeCcrQnaxsPrixMNSLjy4EKzcuJjE7fKUi4ZyEoEWbgWw, #winter #winterland #forest #landscape #trees #snow #snowflakes #daynight #cycle #realtime, 2021-11-15T20:07:08.000Z, 1637006828, Winterland #143
26448, mjlindow, https://gateway.fxhash.xyz/ipfs/QmaoXfG6mAJfve8v4DnM7ZtaZf3Qn9PSDyoyYHNSkEcpLz, #mountains #landscape #p5.js, 2021-11-15T20:33:38.000Z, 1637008418, Waiting in Afton #7
27090, NFTCreatives, https://gateway.fxhash.xyz/ipfs/QmZsdrrvHseHVuMiG7PBVqBMabEjLZbnwDY5UMZsPM6X2v, , 2021-11-15T21:42:18.000Z, 1637012538, Shaped Fields #93
27181, aipom_shiny, https://gateway.fxhash.xyz/ipfs/QmUuoCuwZUzTg3iYHYuiypdAteAZErbPW2Wp3dXMbN3LuH, #hydra #magic #tapestry #pattern #colorful, 2021-11-15T21:51:28.000Z, 1637013088, virtual tapestry #1
27270, n-e-o, https://gateway.fxhash.xyz/ipfs/QmeUZpbSFFT2YPCMPFjA1NBFZYcZKZjJiMwtWRQRJRQtwD, #p5js #generative, 2021-11-15T21:58:18.000Z, 1637013498, Generative Swans #3
8596, ParseError, https://gateway.fxhash.xyz/ipfs/QmcEKvJSvDmJcNAxL9XRMAGaxRp3B9JNVJb8zTpsd63aY6, #cubes #threejs #3d #light, 2021-11-16T13:08:13.399Z, 1637068093, Artifacts #245
8771, Yazid, https://gateway.fxhash.xyz/ipfs/QmSXcuF91yL432ZjP2M1scJ7cphL1GbKdKwNYvmoCz32dn, #yazid #generativeart, 2021-11-16T13:08:28.601Z, 1637068108, Hashed Arcs #197
9591, huwmessie, https://gateway.fxhash.xyz/ipfs/QmPJNpq4Qsch7aNwYNaF3CgbWMk1fLNGsvgjSjXdVse5K2, #Huw Messie #huwmessie tendysos #tendys #sos #food #machine #tendercoin #fully baked, 2021-11-16T13:08:53.160Z, 1637068133, TendysOS #127
9961, esnho, https://gateway.fxhash.xyz/ipfs/QmbTKBtkVPsaDYYugEcPC8tVkqtiBHxCuCqFzJxjnTt5Sc, #cube #colours #grid, 2021-11-16T13:08:56.681Z, 1637068136, Box Grid #4
12174, Quentin Hocd√©, https://gateway.fxhash.xyz/ipfs/QmPwgJNUN6fpXtogEdbYbuAjQM9uSECmuWPDe79YAGyknb, #generative #genartclub #monochrome, 2021-11-16T13:09:38.062Z, 1637068178, DARK FOREST #13
14072, punevyr, https://gateway.fxhash.xyz/ipfs/QmXNMVeGcYDWjvdsubieoSm8dcer4Pdi6CFWemmDprwpaS, #bubbles #0 #O #o, 2021-11-16T13:10:11.408Z, 1637068211, b u b b l e s 2 . 0 #23
31424, Bloom Jr., https://gateway.fxhash.xyz/ipfs/QmS6HXgVDSHimSZzG63ZZLgvsbdBgiyZW4b3mxuCjg6Ukj, #Generativeart #color #Cubes #Geometry, 2021-11-17T15:53:02.000Z, 1637164382, Stacked Cubes #34
31436, Bloom Jr., https://gateway.fxhash.xyz/ipfs/QmS6HXgVDSHimSZzG63ZZLgvsbdBgiyZW4b3mxuCjg6Ukj, #Generativeart #color #Cubes #Geometry, 2021-11-17T15:54:02.000Z, 1637164442, Stacked Cubes #36
31445, Bloom Jr., https://gateway.fxhash.xyz/ipfs/QmS6HXgVDSHimSZzG63ZZLgvsbdBgiyZW4b3mxuCjg6Ukj, #Generativeart #color #Cubes #Geometry, 2021-11-17T15:55:02.000Z, 1637164502, Stacked Cubes #37
31666, andre, https://gateway.fxhash.xyz/ipfs/QmYjU8YxYMD9TtE6NLeA3L2krYvpLYnP41W6RimyLQMw6p, #andre #fuchs #designerwhocodes #drip #drops #generative #generativeart #art #digitalart #creativecoding #abstract #graffiti, 2021-11-17T16:25:32.000Z, 1637166332, DRIP #106
31670, andre, https://gateway.fxhash.xyz/ipfs/QmYjU8YxYMD9TtE6NLeA3L2krYvpLYnP41W6RimyLQMw6p, #andre #fuchs #designerwhocodes #drip #drops #generative #generativeart #art #digitalart #creativecoding #abstract #graffiti, 2021-11-17T16:26:32.000Z, 1637166392, DRIP #108
31672, andre, https://gateway.fxhash.xyz/ipfs/QmYjU8YxYMD9TtE6NLeA3L2krYvpLYnP41W6RimyLQMw6p, #andre #fuchs #designerwhocodes #drip #drops #generative #generativeart #art #digitalart #creativecoding #abstract #graffiti, 2021-11-17T16:27:02.000Z, 1637166422, DRIP #109
32602, punevyr, https://gateway.fxhash.xyz/ipfs/QmXNMVeGcYDWjvdsubieoSm8dcer4Pdi6CFWemmDprwpaS, #not bubbles, 2021-11-17T20:16:02.000Z, 1637180162, w e a v e #28
33102, Yi-Wen LIN, https://gateway.fxhash.xyz/ipfs/QmP2FV8vxkq7gP7HpbavovMtN8xymvstT8dh7sGM2mnuhR, #circles #generative, 2021-11-17T21:44:42.000Z, 1637185482, Circles #2
33107, philipbell, https://gateway.fxhash.xyz/ipfs/QmYHW5dCw5JzA2c9u8wZW5Z62hJzk6n2bWzmE1SVWmgsMT, ##genartclub, 2021-11-17T21:45:42.000Z, 1637185542, Hexagraph #3
33126, philipbell, https://gateway.fxhash.xyz/ipfs/QmYHW5dCw5JzA2c9u8wZW5Z62hJzk6n2bWzmE1SVWmgsMT, ##genartclub, 2021-11-17T21:47:12.000Z, 1637185632, Hexagraph #7
33180, Landlines Art, https://gateway.fxhash.xyz/ipfs/QmaDnzJ8wPMQ9uLAHDsCfnn8g7U13zvKNRUiPLgUnepxCQ, #GENERATIVE #ABSTRACT #MINIMALIST #ANIMATION, 2021-11-17T21:50:12.000Z, 1637185812, aberration #22
33261, philipbell, https://gateway.fxhash.xyz/ipfs/QmYHW5dCw5JzA2c9u8wZW5Z62hJzk6n2bWzmE1SVWmgsMT, ##genartclub, 2021-11-17T22:00:42.000Z, 1637186442, Hexagraph #34
33363, Shinzo Noda, https://gateway.fxhash.xyz/ipfs/QmYLiyNxpt7nGp3LuzEEoEn6iwcc4oezn9CHy8tC7kVmyV, #loop #neon #gif, 2021-11-19T09:01:32.000Z, 1637312492, RADAR #9
33529, philipbell, https://gateway.fxhash.xyz/ipfs/QmYHW5dCw5JzA2c9u8wZW5Z62hJzk6n2bWzmE1SVWmgsMT, ##genartclub, 2021-11-19T09:13:32.000Z, 1637313212, Hexagraph #73
33799, Yi-Wen LIN, https://gateway.fxhash.xyz/ipfs/QmP2FV8vxkq7gP7HpbavovMtN8xymvstT8dh7sGM2mnuhR, #circles #generative, 2021-11-19T09:18:02.000Z, 1637313482, Circles #15
33887, Yi-Wen LIN, https://gateway.fxhash.xyz/ipfs/QmP2FV8vxkq7gP7HpbavovMtN8xymvstT8dh7sGM2mnuhR, #circles #generative, 2021-11-19T09:19:02.000Z, 1637313542, Circles #20
34057, sableraph, https://gateway.fxhash.xyz/ipfs/Qmai8R24bQjCrdRwsM5dgWjk6Q73gNPHTWm4cgQ8G2WFZn, #precious #color #shiny #reflections #p5js, 2021-11-19T09:20:02.000Z, 1637313602, 0.1 carat #51
34160, sableraph, https://gateway.fxhash.xyz/ipfs/Qmai8R24bQjCrdRwsM5dgWjk6Q73gNPHTWm4cgQ8G2WFZn, #precious #color #shiny #reflections #p5js, 2021-11-19T09:22:02.000Z, 1637313722, 0.1 carat #70
34258, sableraph, https://gateway.fxhash.xyz/ipfs/Qmai8R24bQjCrdRwsM5dgWjk6Q73gNPHTWm4cgQ8G2WFZn, #precious #color #shiny #reflections #p5js, 2021-11-19T09:23:42.000Z, 1637313822, 0.1 carat #93
34369, wblut, https://gateway.fxhash.xyz/ipfs/QmYGnvJBF3LJVMvNwkJL23KhjUWZ9gg2DGs8uRxJ7Lycjn, #Generative geometry #@wblut, 2021-11-19T09:25:12.000Z, 1637313912, Isofrag generator series I #160
34451, wblut, https://gateway.fxhash.xyz/ipfs/QmYGnvJBF3LJVMvNwkJL23KhjUWZ9gg2DGs8uRxJ7Lycjn, #Generative geometry #@wblut, 2021-11-19T09:26:12.000Z, 1637313972, Isofrag generator series I #173
34486, wblut, https://gateway.fxhash.xyz/ipfs/QmYGnvJBF3LJVMvNwkJL23KhjUWZ9gg2DGs8uRxJ7Lycjn, #Generative geometry #@wblut, 2021-11-19T09:27:12.000Z, 1637314032, Isofrag generator series I #176
34553, wblut, https://gateway.fxhash.xyz/ipfs/QmYGnvJBF3LJVMvNwkJL23KhjUWZ9gg2DGs8uRxJ7Lycjn, #Generative geometry #@wblut, 2021-11-19T09:28:12.000Z, 1637314092, Isofrag generator series I #186
34674, wblut, https://gateway.fxhash.xyz/ipfs/QmYGnvJBF3LJVMvNwkJL23KhjUWZ9gg2DGs8uRxJ7Lycjn, #Generative geometry #@wblut, 2021-11-19T09:29:12.000Z, 1637314152, Isofrag generator series I #205
34718, wblut, https://gateway.fxhash.xyz/ipfs/QmYGnvJBF3LJVMvNwkJL23KhjUWZ9gg2DGs8uRxJ7Lycjn, #Generative geometry #@wblut, 2021-11-19T09:30:12.000Z, 1637314212, Isofrag generator series I #212
34792, P1x3lboy, https://gateway.fxhash.xyz/ipfs/QmNy7Y9htPRxu2HjHeHsrXSnrGhTRwmu53ht1iXYoXiyrX, #runes #walkers #palette #grid #code #p1x3lboy #reveal, 2021-11-19T09:31:12.000Z, 1637314272, Runemaker #7
34858, P1x3lboy, https://gateway.fxhash.xyz/ipfs/QmNy7Y9htPRxu2HjHeHsrXSnrGhTRwmu53ht1iXYoXiyrX, #runes #walkers #palette #grid #code #p1x3lboy #reveal, 2021-11-19T09:32:12.000Z, 1637314332, Runemaker #11
34980, P1x3lboy, https://gateway.fxhash.xyz/ipfs/QmNy7Y9htPRxu2HjHeHsrXSnrGhTRwmu53ht1iXYoXiyrX, #runes #walkers #palette #grid #code #p1x3lboy #reveal, 2021-11-19T09:33:42.000Z, 1637314422, Runemaker #14
35075, Owen Moore, https://gateway.fxhash.xyz/ipfs/QmNwm5C1DwU7T4rke3VFn4JgimMCTcedXcJWMeC5HfwbCj, #color #palette #abstract #study #minimum #viable #art #mva, 2021-11-19T09:34:42.000Z, 1637314482, Minimum Viable Art {01:Colors} #45
35159, Owen Moore, https://gateway.fxhash.xyz/ipfs/QmNwm5C1DwU7T4rke3VFn4JgimMCTcedXcJWMeC5HfwbCj, #color #palette #abstract #study #minimum #viable #art #mva, 2021-11-19T09:35:42.000Z, 1637314542, Minimum Viable Art {01:Colors} #48
35254, Owen Moore, https://gateway.fxhash.xyz/ipfs/QmNwm5C1DwU7T4rke3VFn4JgimMCTcedXcJWMeC5HfwbCj, #color #palette #abstract #study #minimum #viable #art #mva, 2021-11-19T09:36:42.000Z, 1637314602, Minimum Viable Art {01:Colors} #55
35370, cocktoid, https://gateway.fxhash.xyz/ipfs/QmRuFXBG2jcoFVnDGbSwZJSAgyXG2XqKaE5WMuPDyNKCEA, , 2021-11-19T09:38:12.000Z, 1637314692, Dickgenerative Art #86
35476, sableraph, https://gateway.fxhash.xyz/ipfs/Qmai8R24bQjCrdRwsM5dgWjk6Q73gNPHTWm4cgQ8G2WFZn, #precious #color #shiny #reflections #p5js, 2021-11-19T09:39:42.000Z, 1637314782, 0.1 carat #322
35570, eddietree, https://gateway.fxhash.xyz/ipfs/QmQyCkJbixAfNoVdmu447ZkmHhGrj9GDDC2FDtEMSndqF5, #realtime #interactive #generative #shaders #webgl #sdf #procedural, 2021-11-19T09:40:42.000Z, 1637314842, broken memories #57
35657, eddietree, https://gateway.fxhash.xyz/ipfs/QmQyCkJbixAfNoVdmu447ZkmHhGrj9GDDC2FDtEMSndqF5, #realtime #interactive #generative #shaders #webgl #sdf #procedural, 2021-11-19T09:41:42.000Z, 1637314902, broken memories #65
36406, msoriaro, https://gateway.fxhash.xyz/ipfs/QmU9cPLFmtqhRZUXxJywGZwuy62kXiwzmgQFsqwgzub8f8, #geometric #counterpoint #iillucid #glsl #p5, 2021-11-19T09:53:42.000Z, 1637315622, contrapuntos #433
36677, latyr, https://gateway.fxhash.xyz/ipfs/QmeUcsCvH4CcLKEsrfL6DosgT517vNXNXcCFDXHPCgNGLP, #VJ #Shader #GLSL #Generative #Loop #Random #vjing #shaderart #raymarching #webgl, 2021-11-19T09:58:42.000Z, 1637315922, Rave #1
36736, loackme, https://gateway.fxhash.xyz/ipfs/QmbT1zEAZHgfKT6YgaDxXfBz76rxg7xxZFxUBaGsGrd4uh, #dither #dithering #shader #webgl #black & white #loackme, 2021-11-19T10:00:12.000Z, 1637316012, Broken Dither #4
36817, loackme, https://gateway.fxhash.xyz/ipfs/QmbT1zEAZHgfKT6YgaDxXfBz76rxg7xxZFxUBaGsGrd4uh, #dither #dithering #shader #webgl #black & white #loackme, 2021-11-19T10:01:12.000Z, 1637316072, Broken Dither #39
37032, loackme, https://gateway.fxhash.xyz/ipfs/QmbT1zEAZHgfKT6YgaDxXfBz76rxg7xxZFxUBaGsGrd4uh, #dither #dithering #shader #webgl #black & white #loackme, 2021-11-19T10:03:42.000Z, 1637316222, Broken Dither #122
40122, Yazid, https://gateway.fxhash.xyz/ipfs/QmSXcuF91yL432ZjP2M1scJ7cphL1GbKdKwNYvmoCz32dn, #yazid #generativeart #p5js, 2021-11-19T13:21:42.000Z, 1637328102, Lost Twins #133
40127, Yazid, https://gateway.fxhash.xyz/ipfs/QmSXcuF91yL432ZjP2M1scJ7cphL1GbKdKwNYvmoCz32dn, #yazid #generativeart #p5js, 2021-11-19T13:22:12.000Z, 1637328132, Lost Twins #134
41603, David Gonz√°lez, https://gateway.fxhash.xyz/ipfs/QmQwkVGsjpdftD9QeEfcPVjWRRbYeycpBxJuWtDie4TMPi, #lineart #generative #monochrome #procedural, 2021-11-19T16:20:22.000Z, 1637338822, dancing organisms #66
41725, n-e-o, https://gateway.fxhash.xyz/ipfs/QmeUZpbSFFT2YPCMPFjA1NBFZYcZKZjJiMwtWRQRJRQtwD, #p5js #generative #n-e-o, 2021-11-19T16:44:22.000Z, 1637340262, Generative Swans 2 #8
42374, SOMATICBITS, https://gateway.fxhash.xyz/ipfs/Qmf1dg74iznAbn5XFbbtyBxHMvWveeP4tPaEbVMHmQW14N, #somaticbits #generativeart #shaders, 2021-11-19T18:02:52.000Z, 1637344972, Infinite  #25
42541, SOMATICBITS, https://gateway.fxhash.xyz/ipfs/Qmf1dg74iznAbn5XFbbtyBxHMvWveeP4tPaEbVMHmQW14N, #somaticbits #generativeart #shaders, 2021-11-19T18:15:52.000Z, 1637345752, Infinite  #38
43038, Shvembldr, https://gateway.fxhash.xyz/ipfs/QmbgGjH6WKZfdyC5Fc1N2c32jqzuLv8igSdc7fVTeQssob, #shvembldr, 2021-11-19T19:31:32.000Z, 1637350292, TEST01 #105
43163, Shvembldr, https://gateway.fxhash.xyz/ipfs/QmbgGjH6WKZfdyC5Fc1N2c32jqzuLv8igSdc7fVTeQssob, #shvembldr, 2021-11-19T19:39:02.000Z, 1637350742, TEST01 #195
43299, N-LITE, https://gateway.fxhash.xyz/ipfs/QmbEWrG36S9Vg1uzPfVmC3ffPqop1soytCM8y5doQrWc6h, #pico8 #pico-8 #generative #generativeart #codeart #coding #code #creativecoding #pixelart #pixel #retrocomputing #lexaloffle, 2021-11-19T19:47:32.000Z, 1637351252, Collision Drive #40
43326, N-LITE, https://gateway.fxhash.xyz/ipfs/QmbEWrG36S9Vg1uzPfVmC3ffPqop1soytCM8y5doQrWc6h, #pico8 #pico-8 #generative #generativeart #codeart #coding #code #creativecoding #pixelart #pixel #retrocomputing #lexaloffle, 2021-11-19T19:49:32.000Z, 1637351372, Collision Drive #54
44743, ge1doot, https://gateway.fxhash.xyz/ipfs/QmbkgRdiw1j3TD18YcaeDbsKF5hb5CKgmsVKneSF9VkwK4, #generative #WebGL #3D #cubes, 2021-11-20T11:43:12.000Z, 1637408592, A mere matter of ornament #394
44755, ge1doot, https://gateway.fxhash.xyz/ipfs/QmbkgRdiw1j3TD18YcaeDbsKF5hb5CKgmsVKneSF9VkwK4, #generative #WebGL #3D #cubes, 2021-11-20T11:43:42.000Z, 1637408622, A mere matter of ornament #395
44768, ge1doot, https://gateway.fxhash.xyz/ipfs/QmbkgRdiw1j3TD18YcaeDbsKF5hb5CKgmsVKneSF9VkwK4, #generative #WebGL #3D #cubes, 2021-11-20T11:44:12.000Z, 1637408652, A mere matter of ornament #398
44794, ge1doot, https://gateway.fxhash.xyz/ipfs/QmbkgRdiw1j3TD18YcaeDbsKF5hb5CKgmsVKneSF9VkwK4, #generative #WebGL #3D #cubes, 2021-11-20T11:45:12.000Z, 1637408712, A mere matter of ornament #405
44803, ge1doot, https://gateway.fxhash.xyz/ipfs/QmbkgRdiw1j3TD18YcaeDbsKF5hb5CKgmsVKneSF9VkwK4, #generative #WebGL #3D #cubes, 2021-11-20T11:45:42.000Z, 1637408742, A mere matter of ornament #407
45358, om4tt1a, https://gateway.fxhash.xyz/ipfs/QmaFiRMmaSNEDEitoWiTQTqxPeYRARXKjonDRjBZnnegBp, #abstract #poscard #color #mars, 2021-11-20T12:16:12.000Z, 1637410572, Fifty postcards from Mars #33
45740, AlexandreRangel, https://gateway.fxhash.xyz/ipfs/QmeUd9PwVTqCNt6M1Xk49S1ZFb2hC3gFFfKa17XFhzzq69, #space #glitch #animation #sound #Russia #USSR #Hydra, 2021-11-20T12:58:22.000Z, 1637413102, tales of an older future #11
45908, Jack Rusher, https://gateway.fxhash.xyz/ipfs/QmdDjKsVosSiu3y2qzs2Tac19hqXvKsDBguwCcQXJeCKXx, #tile system #animated, 2021-11-20T13:44:52.000Z, 1637415892, Metamorfose #130
46238, punevyr, https://gateway.fxhash.xyz/ipfs/QmXNMVeGcYDWjvdsubieoSm8dcer4Pdi6CFWemmDprwpaS, #bubbles #triangle #trubbles, 2021-11-20T14:33:22.000Z, 1637418802, t r u b b l e s #51
46248, punevyr, https://gateway.fxhash.xyz/ipfs/QmXNMVeGcYDWjvdsubieoSm8dcer4Pdi6CFWemmDprwpaS, #bubbles #triangle #trubbles, 2021-11-20T14:34:22.000Z, 1637418862, t r u b b l e s #58
46613, inconvergent, https://gateway.fxhash.xyz/ipfs/QmWCDXRwXME2zqWX5bNrfbMA3BT8zkdsY8sZudESeGsD3Y, #random #walker #generative #sediments, 2021-11-20T15:19:32.000Z, 1637421572, Shepherding Random Numbers #1
46632, inconvergent, https://gateway.fxhash.xyz/ipfs/QmWCDXRwXME2zqWX5bNrfbMA3BT8zkdsY8sZudESeGsD3Y, #random #walker #generative #sediments, 2021-11-20T15:20:32.000Z, 1637421632, Shepherding Random Numbers #5
46653, inconvergent, https://gateway.fxhash.xyz/ipfs/QmWCDXRwXME2zqWX5bNrfbMA3BT8zkdsY8sZudESeGsD3Y, #random #walker #generative #sediments, 2021-11-20T15:21:32.000Z, 1637421692, Shepherding Random Numbers #16
46671, inconvergent, https://gateway.fxhash.xyz/ipfs/QmWCDXRwXME2zqWX5bNrfbMA3BT8zkdsY8sZudESeGsD3Y, #random #walker #generative #sediments, 2021-11-20T15:22:32.000Z, 1637421752, Shepherding Random Numbers #21
51332, Camille Roux, https://gateway.fxhash.xyz/ipfs/QmUTHShcij72TxvF6FWM1MAAhcFFortaE4XL5WpgHEcPPy, #generative #code #geometry #geometric #generativeart #processing #p5js #2d #abstract #animate #animation #color #contemporaryart #art #mathematic #loop #cryptoart #interactive, 2021-11-22T11:55:22.000Z, 1637582122, RIVER #127
51341, Camille Roux, https://gateway.fxhash.xyz/ipfs/QmUTHShcij72TxvF6FWM1MAAhcFFortaE4XL5WpgHEcPPy, #generative #code #geometry #geometric #generativeart #processing #p5js #2d #abstract #animate #animation #color #contemporaryart #art #mathematic #loop #cryptoart #interactive, 2021-11-22T11:56:22.000Z, 1637582182, RIVER #129
51344, Camille Roux, https://gateway.fxhash.xyz/ipfs/QmUTHShcij72TxvF6FWM1MAAhcFFortaE4XL5WpgHEcPPy, #generative #code #geometry #geometric #generativeart #processing #p5js #2d #abstract #animate #animation #color #contemporaryart #art #mathematic #loop #cryptoart #interactive, 2021-11-22T11:56:52.000Z, 1637582212, RIVER #130
51743, Yazid, https://gateway.fxhash.xyz/ipfs/QmSXcuF91yL432ZjP2M1scJ7cphL1GbKdKwNYvmoCz32dn, #yazid #generativeart #p5js, 2021-11-22T12:41:02.000Z, 1637584862, Lost Twins #226
51754, Yazid, https://gateway.fxhash.xyz/ipfs/QmSXcuF91yL432ZjP2M1scJ7cphL1GbKdKwNYvmoCz32dn, #yazid #generativeart #p5js, 2021-11-22T12:42:02.000Z, 1637584922, Lost Twins #227
51759, Yazid, https://gateway.fxhash.xyz/ipfs/QmSXcuF91yL432ZjP2M1scJ7cphL1GbKdKwNYvmoCz32dn, #yazid #generativeart #p5js, 2021-11-22T12:43:02.000Z, 1637584982, Lost Twins #228
52217, Rami Awad, https://gateway.fxhash.xyz/ipfs/QmcWS2pak1Fu6LkXXxB47hVjHMo2eSn2RNQzSpdHGdcu8F, , 2021-11-22T13:48:12.000Z, 1637588892, Fischinger #53
52225, Rami Awad, https://gateway.fxhash.xyz/ipfs/QmcWS2pak1Fu6LkXXxB47hVjHMo2eSn2RNQzSpdHGdcu8F, , 2021-11-22T13:48:42.000Z, 1637588922, Fischinger #54
52532, nor44, https://gateway.fxhash.xyz/ipfs/QmZhMbdpTECTSJD2ydtNY1dT2iWWdoBo1n7NVriUX5SRDp, #cmyk #female #portrait #random #print #texture #paper #cyan #magenta #yellow #black #asian #chinese, 2021-11-22T14:24:12.000Z, 1637591052, CMYK:RND #133
52541, mjlindow, https://gateway.fxhash.xyz/ipfs/QmaoXfG6mAJfve8v4DnM7ZtaZf3Qn9PSDyoyYHNSkEcpLz, #stippling #p5.js, 2021-11-22T14:25:12.000Z, 1637591112, Stippled Impressions #1
52654, KaTZWorlD, https://gateway.fxhash.xyz/ipfs/QmfJrKcM27oAAgYNkBceaC5MDbSM5orx9EXKrAXHUiZTcq, #genesis #hydra-synth #bars, 2021-11-22T14:35:22.000Z, 1637591722, Bars  #18
52737, idlebit, https://gateway.fxhash.xyz/ipfs/QmV8JFMN7HRbnpP768dtafkUSyZVqjHBZw4baF1vvQ2kvr, #audiovisual #audio #idlebit #webaudio #p5js #interactive #sound, 2021-11-22T14:39:22.000Z, 1637591962, Rondelle; Listen #20
52750, idlebit, https://gateway.fxhash.xyz/ipfs/QmV8JFMN7HRbnpP768dtafkUSyZVqjHBZw4baF1vvQ2kvr, #audiovisual #audio #idlebit #webaudio #p5js #interactive #sound, 2021-11-22T14:39:52.000Z, 1637591992, Rondelle; Listen #28
52822, idlebit, https://gateway.fxhash.xyz/ipfs/QmV8JFMN7HRbnpP768dtafkUSyZVqjHBZw4baF1vvQ2kvr, #audiovisual #audio #idlebit #webaudio #p5js #interactive #sound, 2021-11-22T14:43:52.000Z, 1637592232, Rondelle; Listen #60
52921, dnlsmm, https://gateway.fxhash.xyz/ipfs/QmQebQNBB9Uk4PYZnYMNCxdn8jxyFbZyAC8SRfDistmDs3, #color #sun #blocks #squares #hydra #animation #landscape #river #warm #slow, 2021-11-22T14:50:22.000Z, 1637592622, A SLOW DAY AT THE RIVER #12
52958, dnlsmm, https://gateway.fxhash.xyz/ipfs/QmQebQNBB9Uk4PYZnYMNCxdn8jxyFbZyAC8SRfDistmDs3, #color #sun #blocks #squares #hydra #animation #landscape #river #warm #slow, 2021-11-22T14:52:22.000Z, 1637592742, A SLOW DAY AT THE RIVER #27
53167, ruuddotorg, https://gateway.fxhash.xyz/ipfs/QmWsAEGvv5qgvEfjmBb2KX6KKU9a5HAGYtpMF8cT7cSKCn, , 2021-11-22T15:02:52.000Z, 1637593372, Colorburst #5
53338, KaTZWorlD, https://gateway.fxhash.xyz/ipfs/QmfJrKcM27oAAgYNkBceaC5MDbSM5orx9EXKrAXHUiZTcq, #hydra-synth #bars #waves, 2021-11-22T15:12:52.000Z, 1637593972, brace for the noise wave üåä  #17
53373, boxofimagination, https://gateway.fxhash.xyz/ipfs/QmQmEGgfhPPP7B1ZocEd6dvGQAcJsv8bhvnLXagBkhkn8L, #geometry #box #sphere #wireframe #bloom, 2021-11-22T15:14:22.000Z, 1637594062, Geometry Hash #37
53586, nor44, https://gateway.fxhash.xyz/ipfs/QmZhMbdpTECTSJD2ydtNY1dT2iWWdoBo1n7NVriUX5SRDp, #cmyk #female #portrait #random #print #texture #paper #cyan #magenta #yellow #black #asian #chinese, 2021-11-22T15:33:52.000Z, 1637595232, CMYK:RND #234
54080, Shmebulock, https://gateway.fxhash.xyz/ipfs/QmVJLtu7ZNQ8EHntonsRxAa1diWzmFDPy8odyYewBDhocT, , 2021-11-22T16:32:22.000Z, 1637598742, Waiting for the big rush hour #1
54296, generatecoll, https://gateway.fxhash.xyz/ipfs/Qma8YuCEkdWb4UVdGAreFAAaLikYwjjiMgMJZEUYbThi7X, #generative #generative algorithm #algo #algoart #mathart, 2021-11-22T16:45:22.000Z, 1637599522, Reflections on Leaving Darkness  #82
54403, Loren Bednar, https://gateway.fxhash.xyz/ipfs/QmNbky67MkbKTGkMTsdJ5Hh8dPo7x5dw3Qj8jP1KbvXQoQ, #monochrome #minimal #restrictions #rules, 2021-11-22T16:48:22.000Z, 1637599702, Restrictions #123
54416, Loren Bednar, https://gateway.fxhash.xyz/ipfs/QmNbky67MkbKTGkMTsdJ5Hh8dPo7x5dw3Qj8jP1KbvXQoQ, #monochrome #minimal #restrictions #rules, 2021-11-22T16:48:52.000Z, 1637599732, Restrictions #135
55095, Pretty Blocks, https://gateway.fxhash.xyz/ipfs/QmdFQNNRxTnTgXfEpMvuamqQyVNQhrkKmhC4ABALcxbtYf, #p5js #processing #automata #abstract #prettyblocks, 2021-11-22T17:57:32.000Z, 1637603852, Foundational Type Alpha #34
55148, N-LITE, https://gateway.fxhash.xyz/ipfs/QmbEWrG36S9Vg1uzPfVmC3ffPqop1soytCM8y5doQrWc6h, #pico8 #pico-8 #generative #generativeart #codeart #coding #code #creativecoding #pixelart #pixel #retrocomputing #lexaloffle, 2021-11-22T18:02:32.000Z, 1637604152, CEV Generator #17
55180, N-LITE, https://gateway.fxhash.xyz/ipfs/QmbEWrG36S9Vg1uzPfVmC3ffPqop1soytCM8y5doQrWc6h, #pico8 #pico-8 #generative #generativeart #codeart #coding #code #creativecoding #pixelart #pixel #retrocomputing #lexaloffle, 2021-11-22T18:03:32.000Z, 1637604212, CEV Generator #46
55331, ge1doot, https://gateway.fxhash.xyz/ipfs/QmbkgRdiw1j3TD18YcaeDbsKF5hb5CKgmsVKneSF9VkwK4, #generative #interactive #3D #webGL, 2021-11-22T18:16:42.000Z, 1637605002, The Plant IV #9
55369, ge1doot, https://gateway.fxhash.xyz/ipfs/QmbkgRdiw1j3TD18YcaeDbsKF5hb5CKgmsVKneSF9VkwK4, #generative #interactive #3D #webGL, 2021-11-22T18:17:42.000Z, 1637605062, The Plant IV #44
55484, ge1doot, https://gateway.fxhash.xyz/ipfs/QmbkgRdiw1j3TD18YcaeDbsKF5hb5CKgmsVKneSF9VkwK4, #generative #interactive #3D #webGL, 2021-11-22T18:21:12.000Z, 1637605272, The Plant IV #137
56125, pototo, https://gateway.fxhash.xyz/ipfs/QmVxHqa8GdJjjFu7JQDc5cQZ3UY8Nu3Dt7pZ243CpDQ5GT, #Balotelli #portrait, 2021-11-22T18:56:22.000Z, 1637607382, Mario Balotelli portrait #15
56172, pototo, https://gateway.fxhash.xyz/ipfs/QmVxHqa8GdJjjFu7JQDc5cQZ3UY8Nu3Dt7pZ243CpDQ5GT, #Balotelli #portrait, 2021-11-22T18:58:22.000Z, 1637607502, Mario Balotelli portrait #23
58771, ARTEFACT, https://gateway.fxhash.xyz/ipfs/QmaCjoopsnDYhjFitsxSqQ3tSVNuKWB3uX8HvjRdoDNdJR, #digital #generative #art #circle, 2021-11-23T11:47:32.000Z, 1637668052, AlmostCircle #5
58925, Daniel Oropeza, https://gateway.fxhash.xyz/ipfs/QmXLanx56yPdczwwhYotjDsS3ExJFTcYeb11uKkzDCCeF5, #code #creativecode #hydra #hydrasynth #hydrapatterns #ferdoropeza, 2021-11-23T12:14:02.000Z, 1637669642, School of data #81
58936, Daniel Oropeza, https://gateway.fxhash.xyz/ipfs/QmXLanx56yPdczwwhYotjDsS3ExJFTcYeb11uKkzDCCeF5, #code #creativecode #hydra #hydrasynth #hydrapatterns #ferdoropeza, 2021-11-23T12:15:02.000Z, 1637669702, School of data #84
59102, W i W, https://gateway.fxhash.xyz/ipfs/QmahZETaB8PtLpmBGcKqKzA4zZc84D1BmFuKhjqKTHq3kT, #hydra, 2021-11-23T12:48:02.000Z, 1637671682, paralelas.1 #19
59116, _√á√ê√ü_, https://gateway.fxhash.xyz/ipfs/QmQkbN7iH3NE4PWd3X8ncA63Xozsy7USSuhykw3Q7ftKaH, #cdb #kaleidoscope #triangle, 2021-11-23T12:50:32.000Z, 1637671832, –∫‡∏Ñ…≠—î‡πÄ‡πî‡πè‡∏£ - ’á–≥‡πÄ‡∏Ñ‡∏†ÔªÆ…≠—î #46
59123, SOMATICBITS, https://gateway.fxhash.xyz/ipfs/Qmf1dg74iznAbn5XFbbtyBxHMvWveeP4tPaEbVMHmQW14N, #somaticbits #generativeart #shaders, 2021-11-23T12:51:32.000Z, 1637671892, A neverending cycle #1
59154, _√á√ê√ü_, https://gateway.fxhash.xyz/ipfs/QmQkbN7iH3NE4PWd3X8ncA63Xozsy7USSuhykw3Q7ftKaH, #cdb #kaleidoscope #triangle, 2021-11-23T12:55:32.000Z, 1637672132, –∫‡∏Ñ…≠—î‡πÄ‡πî‡πè‡∏£ - ’á–≥‡πÄ‡∏Ñ‡∏†ÔªÆ…≠—î #54
59216, @grasser_alex, https://gateway.fxhash.xyz/ipfs/QmctR3P4Y5b5Stvmv6Sikr8524amM7nbtEVH3uWxre8tqu, #collaborativeobjects #architecturemachine #open #architecture, 2021-11-23T13:04:02.000Z, 1637672642, OpenBLOCK #5
59225, @grasser_alex, https://gateway.fxhash.xyz/ipfs/QmctR3P4Y5b5Stvmv6Sikr8524amM7nbtEVH3uWxre8tqu, #collaborativeobjects #architecturemachine #open #architecture, 2021-11-23T13:05:02.000Z, 1637672702, OpenBLOCK #7
59239, @grasser_alex, https://gateway.fxhash.xyz/ipfs/QmctR3P4Y5b5Stvmv6Sikr8524amM7nbtEVH3uWxre8tqu, #collaborativeobjects #architecturemachine #open #architecture, 2021-11-23T13:06:02.000Z, 1637672762, OpenBLOCK #11
59418, _√á√ê√ü_, https://gateway.fxhash.xyz/ipfs/QmQkbN7iH3NE4PWd3X8ncA63Xozsy7USSuhykw3Q7ftKaH, #cdb #kaleidoscope #triangle, 2021-11-23T13:37:32.000Z, 1637674652, –∫‡∏Ñ…≠—î‡πÄ‡πî‡πè‡∏£ - ’á–≥‡πÄ‡∏Ñ‡∏†ÔªÆ…≠—î #72
59584, toxi, https://gateway.fxhash.xyz/ipfs/QmTsU7NJw5u7wtzDHPQ878vc6qoZo6dppS6gffGY1u4FwH, #pattern #floodfill #retro #generative #2d #gradient #stripes #thi.ng, 2021-11-23T14:01:42.000Z, 1637676102, De/Frag #8
60006, __orderandchaos, https://gateway.fxhash.xyz/ipfs/QmRZAaEJsjocJYBonp4cz87kNz2nXKAKh73y4nu3LoNcs4, #Generative Art #Creative Coding #Code Art #Processing #Vanilla JavaScrip, 2021-11-23T14:51:52.000Z, 1637679112, Foliage #242
60977, Ryan Alexander, https://gateway.fxhash.xyz/ipfs/QmbzWL14T4NdN7ess48Wr4tZLemfehUAdFCjSwmsRHBUkb, #unicode #arrows, 2021-11-23T17:48:12.000Z, 1637689692, Indirection #119
60983, Ryan Alexander, https://gateway.fxhash.xyz/ipfs/QmbzWL14T4NdN7ess48Wr4tZLemfehUAdFCjSwmsRHBUkb, #unicode #arrows, 2021-11-23T17:49:12.000Z, 1637689752, Indirection #120
